Home,Away
Los Angeles Chargers,Kansas City Chiefs
Atlanta Falcons,Tampa Bay Buccaneers
Cleveland Browns,Cincinnati Bengals
Indianapolis Colts,Miami Dolphins
Jacksonville Jaguars,Carolina Panthers
New England Patriots,Las Vegas Raiders
New Orleans Saints,Arizona Cardinals
New York Jets,Pittsburgh Steelers
Washington Commanders,New York Giants
Denver Broncos,Tennessee Titans
Seattle Seahawks,San Francisco 49ers
Green Bay Packers,Detroit Lions
Los Angeles Rams,Houston Texans
Buffalo Bills,Baltimore Ravens
Chicago Bears,Minnesota Vikings
Green Bay Packers,Washington Commanders
Baltimore Ravens,Cleveland Browns
Cincinnati Bengals,Jacksonville Jaguars
Dallas Cowboys,New York Giants
Detroit Lions,Chicago Bears
Miami Dolphins,New England Patriots
New Orleans Saints,San Francisco 49ers
New York Jets,Buffalo Bills
Pittsburgh Steelers,Seattle Seahawks
Tennessee Titans,Los Angeles Rams
Arizona Cardinals,Carolina Panthers
Indianapolis Colts,Denver Broncos
Kansas City Chiefs,Philadelphia Eagles
Minnesota Vikings,Atlanta Falcons
Houston Texans,Tampa Bay Buccaneers
Las Vegas Raiders,Los Angeles Chargers
Buffalo Bills,Miami Dolphins
Carolina Panthers,Atlanta Falcons
Cleveland Browns,Green Bay Packers
Jacksonville Jaguars,Houston Texans
Minnesota Vikings,Cincinnati Bengals
New England Patriots,Pittsburgh Steelers
Philadelphia Eagles,Los Angeles Rams
Tampa Bay Buccaneers,New York Jets
Tennessee Titans,Indianapolis Colts
Washington Commanders,Las Vegas Raiders
Los Angeles Chargers,Denver Broncos
Seattle Seahawks,New Orleans Saints
Chicago Bears,Dallas Cowboys
San Francisco 49ers,Arizona Cardinals
New York Giants,Kansas City Chiefs
Baltimore Ravens,Detroit Lions
Arizona Cardinals,Seattle Seahawks
Pittsburgh Steelers,Minnesota Vikings
Atlanta Falcons,Washington Commanders
Buffalo Bills,New Orleans Saints
Detroit Lions,Cleveland Browns
Houston Texans,Tennessee Titans
New England Patriots,Carolina Panthers
New York Giants,Los Angeles Chargers
Tampa Bay Buccaneers,Philadelphia Eagles
Los Angeles Rams,Indianapolis Colts
San Francisco 49ers,Jacksonville Jaguars
Kansas City Chiefs,Baltimore Ravens
Las Vegas Raiders,Chicago Bears
Dallas Cowboys,Green Bay Packers
Miami Dolphins,New York Jets
Denver Broncos,Cincinnati Bengals
Los Angeles Rams,San Francisco 49ers
Cleveland Browns,Minnesota Vikings
Baltimore Ravens,Houston Texans
Carolina Panthers,Miami Dolphins
Indianapolis Colts,Las Vegas Raiders
New Orleans Saints,New York Giants
New York Jets,Dallas Cowboys
Philadelphia Eagles,Denver Broncos
Arizona Cardinals,Tennessee Titans
Seattle Seahawks,Tampa Bay Buccaneers
Cincinnati Bengals,Detroit Lions
Los Angeles Chargers,Washington Commanders
Buffalo Bills,New England Patriots
Jacksonville Jaguars,Kansas City Chiefs
New York Giants,Philadelphia Eagles
New York Jets,Denver Broncos
Baltimore Ravens,Los Angeles Rams
Carolina Panthers,Dallas Cowboys
Indianapolis Colts,Arizona Cardinals
Jacksonville Jaguars,Seattle Seahawks
Miami Dolphins,Los Angeles Chargers
Pittsburgh Steelers,Cleveland Browns
Tampa Bay Buccaneers,San Francisco 49ers
Las Vegas Raiders,Tennessee Titans
Green Bay Packers,Cincinnati Bengals
New Orleans Saints,New England Patriots
Kansas City Chiefs,Detroit Lions
Atlanta Falcons,Buffalo Bills
Washington Commanders,Chicago Bears
Cincinnati Bengals,Pittsburgh Steelers
Jacksonville Jaguars,Los Angeles Rams
Chicago Bears,New Orleans Saints
Cleveland Browns,Miami Dolphins
Kansas City Chiefs,Las Vegas Raiders
Minnesota Vikings,Philadelphia Eagles
New York Jets,Carolina Panthers
Tennessee Titans,New England Patriots
Denver Broncos,New York Giants
Los Angeles Chargers,Indianapolis Colts
Arizona Cardinals,Green Bay Packers
Dallas Cowboys,Washington Commanders
San Francisco 49ers,Atlanta Falcons
Detroit Lions,Tampa Bay Buccaneers
Seattle Seahawks,Houston Texans
Los Angeles Chargers,Minnesota Vikings
Atlanta Falcons,Miami Dolphins
Baltimore Ravens,Chicago Bears
Carolina Panthers,Buffalo Bills
Cincinnati Bengals,New York Jets
Houston Texans,San Francisco 49ers
New England Patriots,Cleveland Browns
Philadelphia Eagles,New York Giants
New Orleans Saints,Tampa Bay Buccaneers
Denver Broncos,Dallas Cowboys
Indianapolis Colts,Tennessee Titans
Pittsburgh Steelers,Green Bay Packers
Kansas City Chiefs,Washington Commanders
Miami Dolphins,Baltimore Ravens
Cincinnati Bengals,Chicago Bears
Detroit Lions,Minnesota Vikings
Green Bay Packers,Carolina Panthers
Houston Texans,Denver Broncos
New England Patriots,Atlanta Falcons
New York Giants,San Francisco 49ers
Pittsburgh Steelers,Indianapolis Colts
Tennessee Titans,Los Angeles Chargers
Los Angeles Rams,New Orleans Saints
Las Vegas Raiders,Jacksonville Jaguars
Buffalo Bills,Kansas City Chiefs
Washington Commanders,Seattle Seahawks
Dallas Cowboys,Arizona Cardinals
Denver Broncos,Las Vegas Raiders
Indianapolis Colts,Atlanta Falcons
Carolina Panthers,New Orleans Saints
Chicago Bears,New York Giants
Houston Texans,Jacksonville Jaguars
Miami Dolphins,Buffalo Bills
Minnesota Vikings,Baltimore Ravens
New York Jets,Cleveland Browns
Tampa Bay Buccaneers,New England Patriots
Seattle Seahawks,Arizona Cardinals
San Francisco 49ers,Los Angeles Rams
Washington Commanders,Detroit Lions
Los Angeles Chargers,Pittsburgh Steelers
Green Bay Packers,Philadelphia Eagles
New England Patriots,New York Jets
Miami Dolphins,Washington Commanders
Atlanta Falcons,Carolina Panthers
Buffalo Bills,Tampa Bay Buccaneers
Jacksonville Jaguars,Los Angeles Chargers
Minnesota Vikings,Chicago Bears
New York Giants,Green Bay Packers
Pittsburgh Steelers,Cincinnati Bengals
Tennessee Titans,Houston Texans
Arizona Cardinals,San Francisco 49ers
Los Angeles Rams,Seattle Seahawks
Cleveland Browns,Baltimore Ravens
Denver Broncos,Kansas City Chiefs
Philadelphia Eagles,Detroit Lions
Las Vegas Raiders,Dallas Cowboys
Houston Texans,Buffalo Bills
Baltimore Ravens,New York Jets
Chicago Bears,Pittsburgh Steelers
Cincinnati Bengals,New England Patriots
Detroit Lions,New York Giants
Green Bay Packers,Minnesota Vikings
Kansas City Chiefs,Indianapolis Colts
Tennessee Titans,Seattle Seahawks
Arizona Cardinals,Jacksonville Jaguars
Las Vegas Raiders,Cleveland Browns
Dallas Cowboys,Philadelphia Eagles
New Orleans Saints,Atlanta Falcons
Los Angeles Rams,Tampa Bay Buccaneers
San Francisco 49ers,Carolina Panthers
Detroit Lions,Green Bay Packers
Dallas Cowboys,Kansas City Chiefs
Baltimore Ravens,Cincinnati Bengals
Philadelphia Eagles,Chicago Bears
Carolina Panthers,Los Angeles Rams
Cleveland Browns,San Francisco 49ers
Indianapolis Colts,Houston Texans
Miami Dolphins,New Orleans Saints
New York Jets,Atlanta Falcons
Tampa Bay Buccaneers,Arizona Cardinals
Tennessee Titans,Jacksonville Jaguars
Seattle Seahawks,Minnesota Vikings
Los Angeles Chargers,Las Vegas Raiders
Pittsburgh Steelers,Buffalo Bills
Washington Commanders,Denver Broncos
New England Patriots,New York Giants
Detroit Lions,Dallas Cowboys
Atlanta Falcons,Seattle Seahawks
Baltimore Ravens,Pittsburgh Steelers
Cleveland Browns,Tennessee Titans
Green Bay Packers,Chicago Bears
Jacksonville Jaguars,Indianapolis Colts
Minnesota Vikings,Washington Commanders
New York Jets,Miami Dolphins
Tampa Bay Buccaneers,New Orleans Saints
Las Vegas Raiders,Denver Broncos
Arizona Cardinals,Los Angeles Rams
Buffalo Bills,Cincinnati Bengals
Kansas City Chiefs,Houston Texans
Los Angeles Chargers,Philadelphia Eagles
Tampa Bay Buccaneers,Atlanta Falcons
Chicago Bears,Cleveland Browns
Cincinnati Bengals,Baltimore Ravens
Houston Texans,Arizona Cardinals
Jacksonville Jaguars,New York Jets
Kansas City Chiefs,Los Angeles Chargers
New England Patriots,Buffalo Bills
New York Giants,Washington Commanders
Philadelphia Eagles,Las Vegas Raiders
Denver Broncos,Green Bay Packers
Los Angeles Rams,Detroit Lions
New Orleans Saints,Carolina Panthers
Seattle Seahawks,Indianapolis Colts
San Francisco 49ers,Tennessee Titans
Dallas Cowboys,Minnesota Vikings
Pittsburgh Steelers,Miami Dolphins
Seattle Seahawks,Los Angeles Rams
Baltimore Ravens,New England Patriots
Carolina Panthers,Tampa Bay Buccaneers
Cleveland Browns,Buffalo Bills
Dallas Cowboys,Los Angeles Chargers
New Orleans Saints,New York Jets
New York Giants,Minnesota Vikings
Tennessee Titans,Kansas City Chiefs
Arizona Cardinals,Atlanta Falcons
Denver Broncos,Jacksonville Jaguars
Detroit Lions,Pittsburgh Steelers
Houston Texans,Las Vegas Raiders
Chicago Bears,Green Bay Packers
Washington Commanders,Philadelphia Eagles
Miami Dolphins,Cincinnati Bengals
Indianapolis Colts,San Francisco 49ers
Washington Commanders,Dallas Cowboys
Minnesota Vikings,Detroit Lions
Kansas City Chiefs,Denver Broncos
Cleveland Browns,Pittsburgh Steelers
Indianapolis Colts,Jacksonville Jaguars
Miami Dolphins,Tampa Bay Buccaneers
New York Jets,New England Patriots
Tennessee Titans,New Orleans Saints
Buffalo Bills,Philadelphia Eagles
San Francisco 49ers,Chicago Bears
Carolina Panthers,Seattle Seahawks
Cincinnati Bengals,Arizona Cardinals
Green Bay Packers,Baltimore Ravens
Los Angeles Chargers,Houston Texans
Las Vegas Raiders,New York Giants
Atlanta Falcons,Los Angeles Rams
Atlanta Falcons,New Orleans Saints
Buffalo Bills,New York Jets
Chicago Bears,Detroit Lions
Cincinnati Bengals,Cleveland Browns
Denver Broncos,Los Angeles Chargers
Houston Texans,Indianapolis Colts
Jacksonville Jaguars,Tennessee Titans
Los Angeles Rams,Arizona Cardinals
Las Vegas Raiders,Kansas City Chiefs
Minnesota Vikings,Green Bay Packers
New England Patriots,Miami Dolphins
New York Giants,Dallas Cowboys
Philadelphia Eagles,Washington Commanders
Pittsburgh Steelers,Baltimore Ravens
San Francisco 49ers,Seattle Seahawks
Tampa Bay Buccaneers,Carolina Panthers